id,tab_file_name,ham_file_name,flight_id,status,attempt_count,max_attempts,row_count_tab,row_count_parquet,row_count_clickhouse,content_fingerprint,parquet_object_key,parquet_size_bytes,tab_zst_object_key,tab_zst_size_bytes,clickhouse_loaded_at,error_detail,created_at,updated_at,aircraft_type,is_subset,subset_row_count,column_count,had_trailing_tab_issue,original_size_bytes,compression_algorithm,compression_level,compress_duration_seconds,minio_upload_duration_seconds,clickhouse_load_duration_seconds,clickhouse_table_name,clickhouse_disk_bytes
4,synthetic_10k_5000.tab,,,error,2,3,5000,,5000,,,,grid/synthetic_10k_5000.tab.zst,36861312,2026-08-24 14:38:10.05558+00,"Bu deneme, host diski dolunca (Docker VHDX yaklasik 220GB buyumustu) elle durduruldu -- yarida kesildi, ClickHouse tablosu olusturulmamis/temizlenmis durumda. Onceki basarili yuklemenin metrikleri (compress/load sureleri, satir sayilari) bu satirda hala eski/gecerli deger olarak duruyor, sadece status gecerli degil. Bir sonraki calistirma bu dosyayi normal sekilde yeniden isleyecek.",2026-08-24 06:44:37.122677+00,2026-08-25 12:17:41.613043+00,AIRCRAFT_10K,f,,10002,f,143286375,zstd,12,21.128037929534912,0.20894074440002441,3.5875208377838135,synthetic_10k_5000,44441107
1,dataset_01.tab,,,done,0,3,2000,,2000,,,,raw/dataset_01_small.tab.zst,3498837,2026-08-22 08:24:16.286715+00,,2026-08-22 08:08:44.102741+00,2026-08-22 08:24:16.286715+00,,t,2000,1001,t,9520507,zstd,12,0.5839247703552246,0.02820897102355957,0.2586665153503418,dataset_01_raw,5380166
5,synthetic_10k_50000.tab,,,error,2,3,50000,,50000,,,,grid/synthetic_10k_50000.tab.zst,369598964,2026-08-24 14:38:35.029186+00,"Bu deneme, host diski dolunca (Docker VHDX yaklasik 220GB buyumustu) elle durduruldu -- yarida kesildi, ClickHouse tablosu olusturulmamis/temizlenmis durumda. Onceki basarili yuklemenin metrikleri (compress/load sureleri, satir sayilari) bu satirda hala eski/gecerli deger olarak duruyor, sadece status gecerli degil. Bir sonraki calistirma bu dosyayi normal sekilde yeniden isleyecek.",2026-08-24 06:46:25.130094+00,2026-08-25 12:17:41.615358+00,AIRCRAFT_10K,f,,10002,f,1432418039,zstd,12,216.63016867637634,2.6395046710968018,24.618698120117188,synthetic_10k_50000,439687854
6,synthetic_10k_100000.tab,,,error,2,3,100000,,100000,,,,grid/synthetic_10k_100000.tab.zst,736600313,2026-08-24 14:38:48.61368+00,"Bu deneme, host diski dolunca (Docker VHDX yaklasik 220GB buyumustu) elle durduruldu -- yarida kesildi, ClickHouse tablosu olusturulmamis/temizlenmis durumda. Onceki basarili yuklemenin metrikleri (compress/load sureleri, satir sayilari) bu satirda hala eski/gecerli deger olarak duruyor, sadece status gecerli degil. Bir sonraki calistirma bu dosyayi normal sekilde yeniden isleyecek.",2026-08-24 06:50:13.736457+00,2026-08-25 12:17:41.619761+00,AIRCRAFT_10K,f,,10002,f,2864806013,zstd,12,422.11421823501587,3.915775775909424,38.19255232810974,synthetic_10k_100000,878717292
8,synthetic_20k_5000.tab,,,error,2,3,5000,,5000,,,,grid/synthetic_20k_5000.tab.zst,73508491,2026-08-24 14:38:57.784446+00,"Bu deneme, host diski dolunca (Docker VHDX yaklasik 220GB buyumustu) elle durduruldu -- yarida kesildi, ClickHouse tablosu olusturulmamis/temizlenmis durumda. Onceki basarili yuklemenin metrikleri (compress/load sureleri, satir sayilari) bu satirda hala eski/gecerli deger olarak duruyor, sadece status gecerli degil. Bir sonraki calistirma bu dosyayi normal sekilde yeniden isleyecek.",2026-08-24 06:50:59.20585+00,2026-08-25 12:17:41.627035+00,AIRCRAFT_20K,f,,20002,f,286479324,zstd,12,43.20053577423096,0.3920257091522217,6.854140996932983,synthetic_20k_5000,99067495
18,synthetic_40k_100000.tab,,,error,4,3,100000,,100000,,,,grid/synthetic_40k_100000.tab.zst,2907619137,2026-08-25 05:40:11.715781+00,"Bu deneme, host diski dolunca (Docker VHDX yaklasik 220GB buyumustu) elle durduruldu -- yarida kesildi, ClickHouse tablosu olusturulmamis/temizlenmis durumda. Onceki basarili yuklemenin metrikleri (compress/load sureleri, satir sayilari) bu satirda hala eski/gecerli deger olarak duruyor, sadece status gecerli degil. Bir sonraki calistirma bu dosyayi normal sekilde yeniden isleyecek.",2026-08-24 07:59:33.798867+00,2026-08-25 12:17:41.855646+00,AIRCRAFT_40K,f,,40002,f,11452936018,zstd,12,934.1393685340881,10.424033880233765,242.40755939483643,synthetic_40k_100000,4795388068
9,synthetic_20k_50000.tab,,,error,2,3,50000,,50000,,,,grid/synthetic_20k_50000.tab.zst,734917191,2026-08-24 14:39:33.408435+00,"Bu deneme, host diski dolunca (Docker VHDX yaklasik 220GB buyumustu) elle durduruldu -- yarida kesildi, ClickHouse tablosu olusturulmamis/temizlenmis durumda. Onceki basarili yuklemenin metrikleri (compress/load sureleri, satir sayilari) bu satirda hala eski/gecerli deger olarak duruyor, sadece status gecerli degil. Bir sonraki calistirma bu dosyayi normal sekilde yeniden isleyecek.",2026-08-24 07:11:55.265023+00,2026-08-25 12:17:41.660447+00,AIRCRAFT_20K,f,,20002,f,2863809547,zstd,12,428.5106770992279,3.5457139015197754,35.05919790267944,synthetic_20k_50000,983965660
10,synthetic_20k_100000.tab,,,error,2,3,100000,,100000,,,,grid/synthetic_20k_100000.tab.zst,1469166147,2026-08-24 14:40:46.064854+00,"Bu deneme, host diski dolunca (Docker VHDX yaklasik 220GB buyumustu) elle durduruldu -- yarida kesildi, ClickHouse tablosu olusturulmamis/temizlenmis durumda. Onceki basarili yuklemenin metrikleri (compress/load sureleri, satir sayilari) bu satirda hala eski/gecerli deger olarak duruyor, sadece status gecerli degil. Bir sonraki calistirma bu dosyayi normal sekilde yeniden isleyecek.",2026-08-24 07:19:20.104786+00,2026-08-25 12:17:41.688644+00,AIRCRAFT_20K,f,,20002,f,5727499047,zstd,12,859.0658950805664,7.002691984176636,66.46907591819763,synthetic_20k_100000,1967925751
12,synthetic_30k_5000.tab,,,error,2,3,5000,,5000,,,,grid/synthetic_30k_5000.tab.zst,109795366,2026-08-24 14:41:05.577144+00,"Bu deneme, host diski dolunca (Docker VHDX yaklasik 220GB buyumustu) elle durduruldu -- yarida kesildi, ClickHouse tablosu olusturulmamis/temizlenmis durumda. Onceki basarili yuklemenin metrikleri (compress/load sureleri, satir sayilari) bu satirda hala eski/gecerli deger olarak duruyor, sadece status gecerli degil. Bir sonraki calistirma bu dosyayi normal sekilde yeniden isleyecek.",2026-08-24 07:20:48.039458+00,2026-08-25 12:17:41.716485+00,AIRCRAFT_30K,f,,30002,f,429676883,zstd,12,61.28967332839966,0.5687954425811768,12.089713096618652,synthetic_30k_5000,163992107
13,synthetic_30k_50000.tab,,,error,2,3,50000,,50000,,,,grid/synthetic_30k_50000.tab.zst,1096979910,2026-08-24 14:42:05.482645+00,"Bu deneme, host diski dolunca (Docker VHDX yaklasik 220GB buyumustu) elle durduruldu -- yarida kesildi, ClickHouse tablosu olusturulmamis/temizlenmis durumda. Onceki basarili yuklemenin metrikleri (compress/load sureleri, satir sayilari) bu satirda hala eski/gecerli deger olarak duruyor, sadece status gecerli degil. Bir sonraki calistirma bu dosyayi normal sekilde yeniden isleyecek.",2026-08-24 07:26:10.98155+00,2026-08-25 12:17:41.720825+00,AIRCRAFT_30K,f,,30002,f,4295199400,zstd,12,632.453232049942,5.657941102981567,59.09654140472412,synthetic_30k_50000,1628651593
14,synthetic_30k_100000.tab,,,error,2,3,100000,,100000,,,,grid/synthetic_30k_100000.tab.zst,2193194281,2026-08-24 14:44:07.955429+00,"Bu deneme, host diski dolunca (Docker VHDX yaklasik 220GB buyumustu) elle durduruldu -- yarida kesildi, ClickHouse tablosu olusturulmamis/temizlenmis durumda. Onceki basarili yuklemenin metrikleri (compress/load sureleri, satir sayilari) bu satirda hala eski/gecerli deger olarak duruyor, sadece status gecerli degil. Bir sonraki calistirma bu dosyayi normal sekilde yeniden isleyecek.",2026-08-24 07:36:28.46771+00,2026-08-25 12:17:41.755372+00,AIRCRAFT_30K,f,,30002,f,8590237022,zstd,12,1139.816973209381,14.928882122039795,108.56466579437256,synthetic_30k_100000,3255327857
22,synthetic_50k_100000.tab,,,error,10,3,100000,,100000,,,,grid/synthetic_50k_100000_p1.tab.zst + grid/synthetic_50k_100000_p2.tab.zst + grid/synthetic_50k_100000_p3.tab.zst + grid/synthetic_50k_100000_p4.tab.zst + grid/synthetic_50k_100000_p5.tab.zst + grid/synthetic_50k_100000_p6.tab.zst,3566904949,2026-08-25 08:50:58.702706+00,"Bu deneme, host diski dolunca (Docker VHDX yaklasik 220GB buyumustu) elle durduruldu -- yarida kesildi, ClickHouse tablosu olusturulmamis/temizlenmis durumda. Onceki basarili yuklemenin metrikleri (compress/load sureleri, satir sayilari) bu satirda hala eski/gecerli deger olarak duruyor, sadece status gecerli degil. Bir sonraki calistirma bu dosyayi normal sekilde yeniden isleyecek.",2026-08-24 09:31:04.224066+00,2026-08-25 12:17:41.87992+00,AIRCRAFT_50K,f,,50002,f,14315669424,zstd,12,936.7990727424622,41.21504735946655,650.9064362049103,synthetic_50k_100000_p1 + synthetic_50k_100000_p2 + synthetic_50k_100000_p3 + synthetic_50k_100000_p4 + synthetic_50k_100000_p5 + synthetic_50k_100000_p6,6452317300
21,synthetic_50k_50000.tab,,,error,4,3,50000,,50000,,,,grid/synthetic_50k_50000.tab.zst,1783035630,2026-08-25 05:44:08.999871+00,"Bu deneme, host diski dolunca (Docker VHDX yaklasik 220GB buyumustu) elle durduruldu -- yarida kesildi, ClickHouse tablosu olusturulmamis/temizlenmis durumda. Onceki basarili yuklemenin metrikleri (compress/load sureleri, satir sayilari) bu satirda hala eski/gecerli deger olarak duruyor, sadece status gecerli degil. Bir sonraki calistirma bu dosyayi normal sekilde yeniden isleyecek.",2026-08-24 08:11:11.886048+00,2026-08-25 12:17:41.874594+00,AIRCRAFT_50K,f,,50002,f,7157979924,zstd,12,611.6181693077087,7.76803731918335,185.60133981704712,synthetic_50k_50000,3219467426
23,synthetic_10k_1000.tab,,,error,11,3,1000,,1000,,,,grid/synthetic_10k_1000.tab.zst,7315530,2026-08-25 12:08:08.713405+00,"Bu deneme, host diski dolunca (Docker VHDX yaklasik 220GB buyumustu) elle durduruldu -- yarida kesildi, ClickHouse tablosu olusturulmamis/temizlenmis durumda. Onceki basarili yuklemenin metrikleri (compress/load sureleri, satir sayilari) bu satirda hala eski/gecerli deger olarak duruyor, sadece status gecerli degil. Bir sonraki calistirma bu dosyayi normal sekilde yeniden isleyecek.",2026-08-24 09:48:04.103692+00,2026-08-25 12:17:41.597858+00,AIRCRAFT_10K,f,,10002,f,28701380,zstd,12,3.8207099437713623,0.19673490524291992,1.09515380859375,synthetic_10k_1000,9055662
7,synthetic_20k_1000.tab,,,error,7,3,1000,,1000,,,,grid/synthetic_20k_1000.tab.zst,14335097,2026-08-25 12:08:12.119939+00,"Bu deneme, host diski dolunca (Docker VHDX yaklasik 220GB buyumustu) elle durduruldu -- yarida kesildi, ClickHouse tablosu olusturulmamis/temizlenmis durumda. Onceki basarili yuklemenin metrikleri (compress/load sureleri, satir sayilari) bu satirda hala eski/gecerli deger olarak duruyor, sadece status gecerli degil. Bir sonraki calistirma bu dosyayi normal sekilde yeniden isleyecek.",2026-08-24 06:50:23.924367+00,2026-08-25 12:17:41.623164+00,AIRCRAFT_20K,f,,20002,f,57387210,zstd,12,4.083783388137817,0.2030048370361328,2.85844349861145,synthetic_20k_1000,20659075
11,synthetic_30k_1000.tab,,,error,4,3,1000,,1000,,,,grid/synthetic_30k_1000.tab.zst,21292542,2026-08-25 12:08:19.399681+00,"Bu deneme, host diski dolunca (Docker VHDX yaklasik 220GB buyumustu) elle durduruldu -- yarida kesildi, ClickHouse tablosu olusturulmamis/temizlenmis durumda. Onceki basarili yuklemenin metrikleri (compress/load sureleri, satir sayilari) bu satirda hala eski/gecerli deger olarak duruyor, sadece status gecerli degil. Bir sonraki calistirma bu dosyayi normal sekilde yeniden isleyecek.",2026-08-24 07:19:48.675972+00,2026-08-25 12:17:41.712244+00,AIRCRAFT_30K,f,,30002,f,86078306,zstd,12,4.246014356613159,0.15386652946472168,5.655259609222412,synthetic_30k_1000,32769167
15,synthetic_40k_1000.tab,,,error,2,3,1000,,1000,,,,grid/synthetic_40k_1000.tab.zst,29171222,2026-08-24 14:44:32.765784+00,"Bu deneme, host diski dolunca (Docker VHDX yaklasik 220GB buyumustu) elle durduruldu -- yarida kesildi, ClickHouse tablosu olusturulmamis/temizlenmis durumda. Onceki basarili yuklemenin metrikleri (compress/load sureleri, satir sayilari) bu satirda hala eski/gecerli deger olarak duruyor, sadece status gecerli degil. Bir sonraki calistirma bu dosyayi normal sekilde yeniden isleyecek.",2026-08-24 07:37:09.653516+00,2026-08-25 12:17:41.760089+00,AIRCRAFT_40K,f,,40002,f,114774045,zstd,12,16.876624584197998,0.22582030296325684,10.853168487548828,synthetic_40k_1000,49213984
16,synthetic_40k_5000.tab,,,error,2,3,5000,,5000,,,,grid/synthetic_40k_5000.tab.zst,145505560,2026-08-24 14:44:40.596186+00,"Bu deneme, host diski dolunca (Docker VHDX yaklasik 220GB buyumustu) elle durduruldu -- yarida kesildi, ClickHouse tablosu olusturulmamis/temizlenmis durumda. Onceki basarili yuklemenin metrikleri (compress/load sureleri, satir sayilari) bu satirda hala eski/gecerli deger olarak duruyor, sadece status gecerli degil. Bir sonraki calistirma bu dosyayi normal sekilde yeniden isleyecek.",2026-08-24 07:38:10.507696+00,2026-08-25 12:17:41.783131+00,AIRCRAFT_40K,f,,40002,f,572873616,zstd,12,79.762699842453,0.646655797958374,18.69321346282959,synthetic_40k_5000,240002001
17,synthetic_40k_50000.tab,,,error,2,3,50000,,50000,,,,grid/synthetic_40k_50000.tab.zst,1453036688,2026-08-24 14:46:21.556943+00,"Bu deneme, host diski dolunca (Docker VHDX yaklasik 220GB buyumustu) elle durduruldu -- yarida kesildi, ClickHouse tablosu olusturulmamis/temizlenmis durumda. Onceki basarili yuklemenin metrikleri (compress/load sureleri, satir sayilari) bu satirda hala eski/gecerli deger olarak duruyor, sadece status gecerli degil. Bir sonraki calistirma bu dosyayi normal sekilde yeniden isleyecek.",2026-08-24 07:45:10.709932+00,2026-08-25 12:17:41.818952+00,AIRCRAFT_40K,f,,40002,f,5726601488,zstd,12,746.5038666725159,7.3056724071502686,99.89227199554443,synthetic_40k_50000,2399000672
19,synthetic_50k_1000.tab,,,error,4,3,1000,,1000,,,,grid/synthetic_50k_1000.tab.zst,35799735,2026-08-25 05:40:46.849851+00,"Bu deneme, host diski dolunca (Docker VHDX yaklasik 220GB buyumustu) elle durduruldu -- yarida kesildi, ClickHouse tablosu olusturulmamis/temizlenmis durumda. Onceki basarili yuklemenin metrikleri (compress/load sureleri, satir sayilari) bu satirda hala eski/gecerli deger olarak duruyor, sadece status gecerli degil. Bir sonraki calistirma bu dosyayi normal sekilde yeniden isleyecek.",2026-08-24 08:00:23.104615+00,2026-08-25 12:17:41.867747+00,AIRCRAFT_50K,f,,50002,f,143468780,zstd,12,18.739814281463623,0.24095439910888672,19.055939435958862,synthetic_50k_1000,67199761
20,synthetic_50k_5000.tab,,,error,4,3,5000,,5000,,,,grid/synthetic_50k_5000.tab.zst,178346801,2026-08-25 05:41:00.65624+00,"Bu deneme, host diski dolunca (Docker VHDX yaklasik 220GB buyumustu) elle durduruldu -- yarida kesildi, ClickHouse tablosu olusturulmamis/temizlenmis durumda. Onceki basarili yuklemenin metrikleri (compress/load sureleri, satir sayilari) bu satirda hala eski/gecerli deger olarak duruyor, sadece status gecerli degil. Bir sonraki calistirma bu dosyayi normal sekilde yeniden isleyecek.",2026-08-24 08:01:47.981803+00,2026-08-25 12:17:41.871701+00,AIRCRAFT_50K,f,,50002,f,716075346,zstd,12,78.70335030555725,0.8608160018920898,32.8843035697937,synthetic_50k_5000,322333528
